.metric,.estimator,.estimate
rmse,standard,7453.840736522903
mase,standard,0.9679368466986168
mae,standard,554.9685135182804
